_id,password
rramble0,fSmpUFQ3MxuH
kcrambie1,4WJ2Nw
mmidson2,FR0lpIyvG0S
mbogays3,NYl19mwYOo0T
scootes4,hKWdbU
bmeadley5,ecDEhwgLQknI
oerlam6,wnCnP9uG
sbrameld7,NcqlIA7V
rsofe8,dWsfvrZxgj
bcheatle9,SKBZxT8XI2N6
nmalinsona,jEw0AT
dnielsonb,lWPHzygCKv4
aaharonic,GQhzFVDM6
rchrystied,dbyZ30yX
gkeige,YKCGiy
lburnerf,2V6cil2
jfenixg,X7bLWrS
klansdaleh,b7Dv48
crawi,6JMoAYWHC
jpawlataj,dFUmJ5F6N1
dhaddlestonk,U3YfxIkOSxrI
vglennl,uI6q92lp0EU
gheiblm,FwK4aCKQtIk
smcclymontn,d3M4beLSB3
amyatto,jtLhkb6BC
mrosbottomp,Sdwzf1O60jTS
hjakoubq,TwLz48
dreinischr,O60AigxC
ddibberts,QMRzJ2y0yyKa
cyurenevt,NkKm7FlHsLP
astileu,eQWEqs1TtZSE
gmarklinv,WiQf71h
mgibkew,hw1K4ZL2s
hdumphreyx,Bof8pF
vgontiery,RNaoTF
fbillowsz,JE6IvICTsU
wdabs10,ITSRb0Djz
zvowels11,9IIlo77iE
kgannon12,PWnaJm
gogle13,yVQwoy
cbielby14,UW5xYgxPwoM
wellit15,ZnA4JCQYYLGl
mpeterson16,ghx2Z28C
kparagreen17,YArscPG46bso
ygately18,yQSmfja0Q3
ecruise19,yvaahjn
dbraney1a,yesQJD7s
mmepsted1b,LCExgMrm
lingles1c,pZ4UnxznY
jdyers1d,Lo3Zi20Z
cputtnam1e,deEWiXvM
kdubock1f,D7FRxmVmHw
sspellar1g,ntxEU7csC
lbillin1h,56Rn4wsZ
mbelfield1i,4CT4eVsa
shellewell1j,10akd49vAQ
mbaudy1k,PJegqtD
oeary1l,6C5zxvMYcK
gzorener1m,TGeQWUjTRtVn
rdudny1n,Rq4ytTa
jgrisenthwaite1o,K3oO4ciVa4
zbirtchnell1p,LTeCfEEZLzX
bhousecroft1q,OXjHyTrU6ln
soganesian1r,6kHe9qkknN
vgedling1s,M0n59ew9sIT6
pbaukham1t,n9osDdMhMV
leggleson1u,4EjswfCt
carnecke1v,YAGCei
iwelling1w,5vI1Yb
yberrycloth1x,ZJT4OS5
ohouston1y,mmuQ8clT6uHf
primer1z,OoOELgPB
ppittle20,XHJBr9m
dsalerg21,fW1yUCWn
ghaylock22,FbsBrCGJDqWy
dcowap23,EJVZiRnaIQ
kkindleside24,KtzkMk
ddewes25,U1vjhd2g3
bconiam26,4OdtmX
psnugg27,nrFBMAzY
hswatheridge28,GxGPsV
hleedal29,QaWRspJPzw
nmarqyes2a,1hNi5AbU
dgueinn2b,mPXabUpi7mE
eebbitt2c,ujDr3FO
wberks2d,mXfDSD
lwoller2e,Zwf8wakg
lmeeson2f,pRRV1pnMjJY
jwelbelove2g,P7MSNSmOzV
nblackney2h,Xlllir
nnappin2i,LzuWtU1
mpittet2j,R9xG62znx250
mcoleshill2k,RtasKm9
bcasson2l,WcabGh7pdAwc
vdurning2m,2MrAtDB
cmerida2n,ZVfxCm46Je
owalton2o,LNvCJhKs
tmakin2p,YDceT6QNLGm
ntitlow2q,DKX9z8d
jgubbins2r,GQ4Qda5
mcleland2s,dVBBQKEr2P
dfudge2t,WKFmI0jRYmTp
lbenge2u,Crw3JMYP
cvanrembrandt2v,9iwLmui1q9
rbastick2w,D4oOWP
thalfpenny2x,vblPqJ
dandriulis2y,Op71edLvK6
bgorwood2z,Be8CXee
mlilleman30,qPkasoWA8
kharridge31,g57CVVSa
ibrant32,Pp3ayV
jcanellas33,n0FMI28T
jkohtler34,pmSajy2znwoP
dbadder35,NO3tL20gZK
jsonier36,FLuqRmwS7X
ihellens37,6hZiabsWCsdQ
vgurry38,KlUjDKKRS
bdickens39,gAXeTfjbjTcm
ctidbold3a,uCBspGMTRj
ephilpin3b,FuKCsgD6nOy
croslen3c,dV5CeCKxm
agantlett3d,0LokmZ7
smacalpyne3e,q2UH20O
rmattersley3f,FyKq5MLe
gcremin3g,9yHxvf
rtabor3h,GHT0HYmj
mblain3i,WdeTYZ3
johagirtie3j,RSuh0jX1
krubinowitsch3k,DX4djeyTiO
ldunne3l,IN54n7tc0dMg
qnizet3m,7ZhncFo5kL
haskam3n,ckJCrSuOsN
ependrey3o,KCoweLttwUUd
lmartelet3p,LmDQvLHffdH
mmichell3q,KSfM3aLtEEN5
kshoveller3r,1ipc0zMVoE
kjervoise3s,LJFG0PbWZb
soldey3t,GitDscG
owalewicz3u,f98opGmS
clahy3v,IvGKvBCgv
wesche3w,zLafB8
pcoots3x,332aSukdnMH
cbairstow3y,iSwyeY
gkmieciak3z,pU6bvfGG
tarendt40,LkoI84cu5oJ
amurtimer41,pc12w1AFz4Wy
olabusch42,64m3ZBF0Bhc
mpetersen43,mjn80EU
ycraigg44,8srHPrJ
ymcardle45,yLthAib
cwardell46,KPE0PhH
rvirgin47,fdlwe8N5iSh
tgimbart48,8MxzZHmv3
kbattye49,WTNE7cP2
sjenteau4a,MB7hpVpM1
aneville4b,EW7QaYm
kcolumbine4c,qHen8Oz
ltesimon4d,1TZIVtEyrjvg
bbodimeade4e,KJLxVX4q
vfilkin4f,BvQn1fNf
otetther4g,MqASsmZN0
ichaster4h,BxWxRxZ6
rfoord4i,zAoOg5Jj
etreves4j,MeYDMI5
bdietzler4k,XG1PFlSe
bandor4l,KSXncrMNItl
iekell4m,SOwVojc
mapplegarth4n,XCRNdW04Ghnh
kclaw4o,j3nIpPp6o
lantony4p,YjppWInWMA4b
rlonergan4q,BDpUF8G0r
cgerhartz4r,LtaONJg
acoldman4s,UowYAiLc3R
gterrey4t,DHn5aG
cdorrian4u,PFpInLH6Nzy
rsweetlove4v,50RULqhbtTOH
mcook4w,nSbIfOEGZ
tdwane4x,kGUqSPBROtN
llasham4y,MAJOIbg
cchippindall4z,m2IOB3pBRuO
odyerson50,Ddy0TqArE6r
hstribling51,eHnihncI6O
mbaily52,b2WlysVKm28e
bheavens53,gOPyQk
closemann54,Mego9vlQUT
cfilipic55,RO0UP5f1l5qB
acoller56,RrCNvswS
rdirand57,efgOlp
cpipet58,QBkuRaA
mmatieu59,f44AsCEx
nfeldbrin5a,ikRhr9uHwG
ctwelftree5b,6FbGRMRYuQsh
bsapshed5c,koQgzG
tremer5d,kb9dSTUM
lblatchford5e,P6SGaKF
dbrick5f,LW9bFypkjIwE
iwestfrimley5g,DXmE9DQqR
hchitty5h,0wj4IR
rduran5i,T1ImKpys927
tfagg5j,Rcbd65
jclulee5k,q7Za4A
ajiggle5l,ExbjIS
lmenham5m,9UgF3F
gwerny5n,pujGzAhN5n
fcraggs5o,uQcE6h948uIq
kbooij5p,R6EBUViLzH
rglenfield5q,DmElT5r
rattree5r,m6gNAJd
fmaffetti5s,XubYt5bV
dfarloe5t,nJFSEjb2l7i
rcrathern5u,kDHFUpg2
ntresise5v,Rqc6PzUw
gwaitland5w,omCHeF
astarkey5x,Gf8j9UQ
vvlasenko5y,EcYCgMYTD
dpinckney5z,2qoDYm
jbretherton60,lFnHO4
ltring61,IK3Ipgq
zpatesel62,4rqz4s2yo
hmawson63,voKUwu9qpMrb
rgayle64,Ak6pzt2
hrainard65,OSW1vOOz
zostick66,2iGO7ocHy0
apidwell67,6CefvWxjyBuN
dkurt68,ps8c882O
tmclugish69,SdUGri
rcraighall6a,ossg94y
egauchier6b,2b4xmz
lverzey6c,wSqT32RiMO
ldecopeman6d,uRf2wCd5
dfosdick6e,H3ANcUioSo
mwhitewood6f,tf7CFYVSZnN
dclara6g,hKV9zkQnfPb
cbrewster6h,stlZJAuiM
rharbidge6i,YudB6iO
bblind6j,yaChg97iby
vordidge6k,NObVnvEy
sbannester6l,1AGtJR8r9h1b
smartinat6m,6oA2o5fqp
ccanaan6n,qkoMr5coi8kp
hcadd6o,owI5AYc
vchappelle6p,lgU6Gz9BY
htejero6q,JzZAuVh
kmaber6r,6ole1zbB
bferrario6s,E1a7Njx8Ir
atwyning6t,RrRAatfCJS
mminghella6u,mnHy6P3YFfzT
cbroadfoot6v,1Upynx0
kferschke6w,2kX2ULorV1
adartnell6x,rfWcZI
bklimontovich6y,JYMoyb9
abautiste6z,wJMzI18
gfido70,W5PfBgT3nuG
hdowsey71,5qj3k7S
olarmuth72,zshbL4Q1jS
lvarney73,dHPsAN8D7j
kgyves74,B7sd82TzGO3
aarbor75,JhRVGfNzChm
mfishbourn76,O5A4k1KVyeY
cfirpi77,obsaWgyN2
hgottelier78,lkwlcL
fsheilds79,2ZBwnLnIqV
tcoplestone7a,BqaxAq8
mstoddart7b,em4VZWLOm
lsawyers7c,8Ix1GW
hlongland7d,d4QwMGsvEa
leddleston7e,2wanz93WN
bbalmann7f,n56fmO1G
fcurtis7g,2ZGXA4O8U1
zpetrovic7h,RzeVKDl
fcescot7i,7URqyW
beagger7j,H4qjbCsMIVmq
idebiasi7k,QLjEnICYKXo
dtroughton7l,xyMZdsXNUTuP
jlauridsen7m,tcPrGOJgqhIi
edaw7n,exExm0K73Hd
mdohrmann7o,5ZDQVgKO
aodonnelly7p,sOdKbADl9u
kivanisov7q,FdTP9M64k
pdodsworth7r,6ouAuJytw
brobak7s,Sz6otET2UPim
haksell7t,ielNwUyQ
ewolfindale7u,jMBpEYoe
sscroggie7v,ynXlA8
mlacknor7w,kBYh5xXt
rcatenot7x,iRYDrcG88fw
gdimitrov7y,Yjvhnp
dlansdowne7z,FziMTg5Z
omatthewes80,xAEodUIW02
hedlestone81,kTiGkjId
hiles82,E3v1U6dQVx
jlambdean83,0AqmbUmB84
smadison84,ZQAhb9xy
elaffoleylane85,sNojdeX
dlanphier86,yxE7zvkTZ
dbownes87,qpSMi7Zw4
oempleton88,6CtJukx3cU
cgarron89,BeOcr8qaBMt0
ilatliff8a,II2Gj4e
kgleadhall8b,S9hOSg
msherborn8c,8STh5nh
lvarcoe8d,47GNl3ZaL2Er
nbinge8e,8Emac99
gcicerone8f,xIWYTd
zgrubbe8g,Ss4kslM
ssaffell8h,lXTuzW8Y
emuris8i,k5xRVXN
fstair8j,cffIHM8hoO
dderges8k,ott4l61InH
edewerson8l,fQDWMOz
mrangle8m,GSzRZTjFMWEg
mgreep8n,2NOTPjhm
kglinde8o,XcguXeh
blitherborough8p,VUI1CMLmJdTm
cdewhurst8q,ITbd3LXN
swilliamson8r,7ijgUPyXV
filyunin8s,OcaJfcUX
wadshede8t,mG0ujZFypfPb
msabathier8u,BQB3Rrs
hbeckingham8v,xRzaQyQ5
gclapham8w,bqIsLdF
sdisbrey8x,yugygi
ydeanesy8y,UvuhpBl
erabbatts8z,BzBJawrEpz
msangar90,WoQQTsVlS
dverrill91,wt8p5SDp
bbernollet92,yW6ec20xx
bstormont93,2C1uNVk4rG
hfarrall94,H5DrngI
hcongdon95,Qo6bKAam7Pua
cperks96,XbxbQhtlx
dsheldrake97,3rNL1jN
bantunes98,zp22aFOO
tcorsor99,2BTu0oLjf0
scolledge9a,479hnoqgea
khauger9b,mHSZ2Vv
cculshew9c,B9RjFRF
ebeeho9d,8YGwBOiy
dglamart9e,ZyteVw6ed1Hw
sdonlon9f,iUTnmo
acaldwall9g,2EEkFIi2JoP
nstouther9h,MbUBTB
hstoney9i,RniFWUk
jmerrill9j,rF3GxA
dolyfant9k,Is5zB3YuqNt
scaseborne9l,htvZu3uB9Zc
ldarrington9m,CNUxAQoHU84g
kpriver9n,b3mLUv1AqD
rratley9o,bpLK7ncu
bdenne9p,B3kMW5ZBsy
rbowmaker9q,GVp4Db
uszymczyk9r,Gh4lFm4hc
adikles9s,B4fLTG
bingrey9t,XSiJc4byoF
cbrizell9u,2f4MBTUrz
kwyld9v,IR0xOP
wtooze9w,VH1F95G
dkabos9x,wZ7P2dGarz
mgypps9y,aUNZCX
lbertram9z,SqzlkNRHD
kmaccroarya0,fRHEhErIk
bcatora1,E8isIyhwy1s
dganforda2,ARrHo4
msygrovesa3,L3ZG6nl
bwestwella4,emCWxMWCEYC
mdaggera5,9bDgyiPe6rb
lguerroa6,0ZVV2P8
btudballa7,7EYp1Ey6yI
rbayntona8,xYYtYz
jheina9,yNm8LCX
jpaikaa,QCmduoSvw
rhenkeab,WxVS7CZawZMo
jmarchandac,VUIDhnrFbt3
crobertzad,DnEWQppUuZOW
ccripwellae,yV87DeMDe
arobsonaf,mz3eBZKV
mhellwigag,2O7kPf
bbamblettah,pBXCKURT
bmacbarronai,eBrkkxFzs57S
grosensteinaj,bcTojhbSHEz
sleamonak,Wciup2gcwe
fnaldrettal,rfmP6tMEtys0
adefrancisciam,31dkljw6d
dmullallyan,x0xlzNKV3Mp
ffotherbyao,tZ4Kxed
lchrystalap,3bOeA568x
vmorpethaq,5xU1lUf
schalfantar,3ZzsEeYrGKA
dpellingas,Ttvb5wbFUkW
msutworthat,WnYVPA
wlesarrau,wQOio7
vfarreilav,JEWOsGwN
bwakeleyaw,qVgBqfA
msalvatoreax,sKfAIu
wverrallsay,qqKBGDD5ca7
mpiggfordaz,UBVTBH5x1f5H
cwaceb0,FqDRjH1I3
gkasselb1,KB1izoID1jO
cdutchburnb2,qTAVqr
gguilliattb3,hCNtqh
brogerb4,ZcmW5pgzAX2
jkleynenb5,Peb40Lgu6KFQ
dgrealeyb6,AhqmMYX
drhymerb7,lOiNIM7U
proartyb8,dJW59I0qX5
rleggattb9,6slpvEuYFk
pkiddellba,X8Fd3VL
lfeakbb,2v3KL4ikCip
aferschkebc,iaDWDd
aseelbachbd,DbjPz7kV8
funthankbe,e5Zl3IfQX
carrellbf,pbi7M9GRGg
bwinsletbg,m5DYLDMW238
ctyremanbh,OCaGzuvn2F
flezemorebi,KxsgE5apJIbQ
kmcgrorybj,1dS5jbwDJwa
mweeksbk,G1eTG1W
ptremouillebl,qb4qaJAkV
skigelmanbm,EGIISuk
lwetherbybn,WpI1WQK2Tw
eveyseybo,GbyvKh0w
bmaudlenbp,QpZCYI6FbW15
bsheppeybq,SCaT5W7lef4b
mangrovebr,vmMWFAkP
pmoverleybs,groC8u
gcasterotbt,PorMNLp46
cnelsenbu,DZqneoPGM
cruncimanbv,8G4t7Jk0z
ozealeybw,dzfePzXmqF5N
ccantosbx,2lzXdV
stwiddleby,b8tluYHny1c8
gwipperbz,bFdzhwfM54o
joscolleec0,fi0bwUskf
ewestmorlandc1,tsT8KdCCk
hprivostc2,6UvRWpNs
cmeadenc3,SKbHbRo
acootc4,FqWKFH2pO
ujoinseyc5,7wDKx5locCl
kcalleryc6,cK65Yd
srawlec7,KCm6eEnPvCd
eburnessc8,8c1cdFhzdGx7
mgilmourc9,JMUQRLY9uv
dtantumca,BZPzYL
hgeorgeoncb,9b0Xl2v
jreadittcc,f9ZSNWpO
cliverockcd,VljBzWQ
froseburghce,phzkr54tN
mkubacekcf,xRpxsSGJg7
gpeattiecg,bBwnz9X0Wj
msweetch,hhmPqnh1K
rgiacomazzoci,hx3ra3qN
bobriencj,YgKCkjcubbh1
drosendorfck,m0wb0gfkjcA1
clouisetcl,ZE5nWb72zd3D
ktowlcm,wQD3eMFOgr
bjakubowskicn,RZGNMquRKl7
relwoodco,DldOMbkdBI
sjanekcp,5liv71
edollmancq,mdgvqYxp20
lsnoddencr,Cg4ybLaGyTZ
estockneycs,eysf68kdfx
gfanshawect,Bss6to23e87A
lwoodfieldcu,tGaSafCu
rpetrashovcv,TBThofC
gbriarscw,H15sCx1j8oYN
oarnoudcx,63ICqFoovtZ
tratcliffecy,rn7kSOnvQ
cflookcz,WPE3LTLW8
cockendend0,dGc92wH5U
flewisd1,Hoaqm1MCrez
gcarrettd2,lfMV4C2q2g4I
hdockertyd3,2nS81Hv3VX1
cgoldsbyd4,wGKPMJ
dfished5,If57PRUxir
ksimcoxd6,YRnoHH5E
eklimpked7,Kh3bV7TU
hreinbachd8,Q3iw5h2AbJ
fkeyd9,r77oJAEXba
wgullifantda,dzC1yq0bsrRD
jpowderdb,PpwbiLj7eFk
achowndc,AgeeIs3VEY
wmathewsdd,HI31q2rg5CD
fkirlinde,8dgoxlvmF8if
dwippermanndf,HEYQvSQRr
cmacardledg,QUmPfH
alestrangedh,eejwKQguuS
rdowdledi,4bh6gq
mshilstondj,3IzSyeMe
mricardsdk,VgCsnQ44kVCh
rdanielkiewiczdl,WdGP4hL
wcrawdm,p86HNXn1A9bX
agrisedn,o1GqYdf
heyesdo,ieuOYry
gtrewhittdp,109D1gh
hsearchdq,KKrJ00QsGK
fbagnaldr,kCgdZAVR7IOn
sarstallds,XVb49pVb7fa
roffnerdt,xQ13PiJ34nNW
aouslemdu,AHJgjf4ql
bpratleydv,DLJ6ZZOCpYX
slisterdw,KB21f0amFPy
etruterdx,47ZENjq
dbindindy,CTlCvbQJr3jD
toleksiakdz,p8ojJ5jFq
gloxlye0,GN08CSy8KBv
abarnse1,YWpcbwIv5N
hfearye2,Ns6oIFj
ugurnaye3,l1XoF4WD
astormese4,QL96cvPb5fJ
gvanderbruge5,B5jKPe
trippine6,Sanu0O5
eyegorshine7,tcn4ryEA
mdabese8,8EQxYg1H0
gruprechte9,qCpxayJpqojW
myoungea,qRlHjW94GUq
izorzieb,eHdq7Qn
peagellec,Bh7Lholpm2
mpimlotted,2xzZjhl
zadrianoee,UNm4cb3zFJ7i
msalteref,THLmUc8
qcolbertsoneg,jaTrD9B
nmaccullocheh,57LevlNbSl
sjoutapaviciusei,LzlAri8B
mdickinsej,Vv4hzrO5
achinnickek,vtWYIg0q
alambertciorwynel,yInwHB
knockoldsem,W8dgpjMv94JF
rghiottoen,96R0Ncipfw
tfencotteo,GluS2y8nCgb
deakinep,Ci1BJ31Hnjgn
cshiebereq,GdxNjGnveI
skidsoner,LK2nAW
cgiacoppolies,Ed5e7pugOjv
dzealet,VhuxIJM
dasmaneu,xYdLpYGNRQ9g
jleghev,EomEu02
sfibbitew,7CzgzR
kgalbraethex,zR6AZnV5
solderey,VEpcHfu
apurdonez,JelIFjVl7V
gmeekinsf0,AxCjtrAuoKBu
cpepperillf1,zJV4nWVey
gmabonf2,yb1GwO7WWCMq
rwolfendalef3,D0uEXe
spepallf4,VdpJydNTv7lq
bgiraudouf5,7Zyeqd1U3X5
tstanwayf6,oWveFQrmY
tfrillf7,Osox813Pc
bcunneyf8,5yZAiVml
ssantif9,8bnZAKSkTV
sjonasfa,1aQRlsDt
smoorerudfb,EZuVvf
yvassallfc,mQUxH0
rworlingfd,SqCM8Q9uVECd
bstreetleyfe,ZcZ2jUMuvwNJ
sokennavainff,N4bG7ks9TY1
adelagnesfg,KUEGiAaipBV
kcocksedgefh,CoAktlS
ljirikfi,4SOq4rrBWIW
kdomninfj,c0QYc4
ctibaldfk,62iVvWgSV
gsummergillfl,C6Ay9qsp2pS
tscamadinefm,fgDtSFT
sannakinfn,RQpSQTKQ3
pcalderafo,C64HcRMHBh
dtippettsfp,yo8SO4DeRR
gmurtfq,TsF13QhkHSMK
wbatthewfr,BKO8zcVD
cgutteridgefs,hP5SlOI
xgerckensft,rkcSTCvdV
thastfu,GCeYvmF1m
lattoefv,NDi4apIUwvh
pgrafomfw,equ0tvPVklf
demblinfx,NTTmIprk
tsharplessfy,HQfYatA8FPbI
jmerriottfz,EEUdUH6b
kstansburyg0,2CuNYe
bbaileg1,JOCkXJQa
lbeaulieug2,M1tnGGeUO
lpechg3,IpKa48tvA
amccuishg4,K6nyB8Hu6RgS
cedglerg5,D8j4wYtZhFT
bpawelsg6,l1zs0VqiSDdi
ahowerdg7,gXW9aY
jmcwhinnieg8,loqW6v
lparnbyg9,O77fQITZ
nmuddicliffega,jQb3Yd
gticehurstgb,nQM2SWqw6o
lsadlergc,5KVk9yoiYNuv
amordacaigd,kx8bpKCzDLT
achasonge,WSQeKywG73
dmcgeraghtygf,vPLSjsrY
mthistletongg,Nh1vFLnu
cconninghamgh,64VBv1bEdE
pluskgi,hmVRKjGcaI
ibolingj,s34S2Q
anutkingk,FNHLPgfti39
skopecgl,e6BHy34V
gblydegm,3jkuTobRSAGf
aellwoodgn,2eVQ0lC83Xhp
fburgego,WgzISy
hmacelroygp,6DvE7LQKr
dguerrygq,5Ez5j9oGqscq
aaingegr,kE6qHKqQM91
cwurstgs,P4LYeF
ejindrakgt,TSHZrOQtVeM
lbuchegu,j2tMbsccFZP
fcavendishgv,7Rqtj9pCh
hpanswickgw,Ea6PAv
kbarocgx,BtehRz8
spentercostgy,vZrmKAFO9
fdimontgz,H4b6bmVBYEE
cbrislanh0,6BJMX5FRR6OK
gphinh1,Vuh97gmVQb
acoltarth2,uoSnPVwl
cdebellh3,jSTgRjeW7
murionh4,g3tA5XDw6zhg
bleitcheh5,71FhRooGAYqS
coldfieldcherryh6,X8GJ0q6P
hshowersh7,IPnjYfYn1
kwavishh8,4KEjEP5b8GbL
kstatersfieldh9,DPxxJ9
gquilterha,2T15Uptn
mspadarihb,iBSfWEOfa
ddelfhc,L2Kf37h5hA
cwoliterhd,kpK6aYQR0qVA
hloniehe,xj8eOi9e
jschachterhf,ZlKTdnLc2zu
kgyteshamhg,Y18tcX
rfeelyhh,w5CipAf2PwyG
astrudwickhi,fkPnoPogW
rsleichthj,XnOL6a
lnelhk,3Y6X5EiF
snockallshl,TI8pyBAmgMD
swidgerhm,FOxOfyHWFkB
jsansumhn,8NzeS6igx2
khaggerstonho,sjsnCtF
adonwellhp,ct2RfjRsQJ9
myeatshq,ZypDI3dq
iwoodyearhr,iykPzjmsR
bdiaperhs,95y1QBSm3
brollasonht,ozjT9j
eattenboroughhu,U1N8FiuBG3a
fmcmichanhv,1NqaLobieHSv
waxellhw,azCDrILhsod
mmatussowhx,aNmUlBwYuQS
lwalkowskihy,JrXTy0A
sdallawayhz,RtnpSHB
abowldi0,2E5HNNNq2ex
bpattissoni1,PQtImjOuNhH7
esenchenkoi2,O2LaU6p55Ku
jceschinii3,PWrlz2d0h4AC
yatlayi4,A6tRLMS
sphilippsi5,wpJN9YnRLnt
lwhortoni6,VGF1J1hniD
zdelchecoloi7,hr7HHQYL0g8A
hnewlandsi8,7QFBmXbPoAW
gsimonsi9,1AeWhe6vl
dgounardia,jHDufBfej44
wtebbittib,LF2bomSq
blutzic,yV4H4O2op
bstormid,DfCgqvpQaT
vraimbauldie,XMXnJPru
dbenbowif,B7wxhyMmjPI
eruppeleig,CcDjZRFdFM
lpuckringih,ltvlvO
bjacobovitzii,MTBOBrl
bpriestleyij,RyzlgnJa
dantrobusik,UJhnEfV0Qy
phickinbottomil,0so5kab
rkubesim,azdLtx1ZFf
csewardsin,VEb57YfeWIh
bnundio,N0M0MIxBd
rstollip,0xqlJLDCL87M
dmeighaniq,qOEFG4
trosenblathir,VMQb8C4VkyPc
igodilingtonis,Nag4t2Xni1m
bshalesit,RbHLDvxs27F9
jchampeiu,g05QF2gQx
adowzelliv,eUrq9COc
abyartiw,rkAwye
aedmottix,EvlUQpUTS
dfulleiy,aozh0ltjxC
mworkmaniz,xQ94nfzJr4
rbenianj0,p6D7ZhtG
ahickeringillj1,kscaDcqz
lhamelj2,GZH5Fa
wgrealyj3,vVk10Jpi2iu
cheinej4,64ry4i
dgrellierj5,ji5mJBBZnBk
jcavetj6,DxLBTyVZ
ndanelsj7,1BQ4vIj
fgiggsj8,JiAma51FCpc
vfurzerj9,u7ASY5BbDKuP
asedgemondja,UKd33BYFzXAa
nswaislandjb,0Kcj9SqUt2
jtheuffjc,Ug6nCcU
dguittjd,d1m8sPTqvl9n
gbuttnerje,cfGrM9qBK2
lkahenjf,2eBBYc1RoKp
hbasejg,oN14pu9mdED
alongmuirjh,Vbz4thfYw
cfeldbergerji,pU14DG8R
aferranjj,leHBntak4
glegallejk,OuoSuQ1
nshetliffjl,YlxLb6UZccjl
bjovasevicjm,L9zzWlX
rmcmillanjn,FjRRkBdU
ditzakjo,1PiOGt
ogrummittjp,9Q5fHAk
ndollarjq,yLp2zfTNdK
ljurgenjr,ZIGvUt8fumld
tfibbittsjs,upOlzbMxwJC
dillesleyjt,drwXSewH0j
mrawlenceju,FhLrxSL4PBv
mhammertonjv,yR9ntILpQ5JI
alamertonjw,2ndYRG
cwassjx,z6ihsj1
lbraunrothjy,DKhBOYgYQq
jcarojz,kc73J0D
aongk0,6iscsId
gtallmank1,pm405hbh
echastanetk2,j1jFP2bY
jsisselk3,AwGcA8
yacottk4,1IFIOwsA
jgilcristk5,bQ9Lqzl
cmccoidk6,e0CqVpV
lbaleinek7,2TiwdoILA
kegdalk8,tbqYyczoAI
dclendennenk9,okDPhP
tbernadeka,SAN0a5
nheeronkb,qFj2RfzaKCz
kaviskc,zyGkEy5Yjj
jstenneskd,f9cvBRmN
wcollickke,YtVR8kfyH
mroserkf,XM9xDB3
dgodneykg,ZAo48ny7jaK
bborzonekh,5EOiEaYJnKQ
btichelaarki,U9TbRnB
rhaggertykj,vB8HdZV8v
gpassmorekk,yTSe1Kbww
rmacredmondkl,6Ijv0kb
wwaykm,qVVRwsdI
csumptonkn,RE2YiBGC9
nbuffko,bBtOYy0n41
glovemorekp,w5IjtR1nsk
ecurrallkq,ZiK00pPeeBq
fmarronkr,GHiYWuH
sskeltonks,BexxGSrrM
mslottkt,nvXNNgAIgCw
clerohanku,CJB7Md5
mmatyskv,g8M0Zidf
nnanglekw,jWZBPCT0x
thedylstonekx,3BwKOqng
mdawberky,GB19Wi4CIhd6
dgherardinikz,Mcm0mwe
dvicarl0,uHd7CZbWW
ddanisl1,G9gb9g5TBy
calfonsinil2,37bn4UZbR8Jo
kprowtingl3,1eiD9VW2Gk
ubrewittl4,zQsHfeDBgeCr
pisherwoodl5,l2AUlCFH49
wnaismithl6,pliklt2f9c
bmarjotl7,rusNorea
tfindingl8,VcgaWcpHuV
bpriestleyl9,GAmsgSSxED
rconstantinoula,UdOFd2YJb
ndeferrarilb,3O6VZrITIhiJ
hphillpotlc,mrSru9T
blyburnld,5xWD4oBmJIe
ddyersonle,IpUJv4hYMy39
mbeszantlf,SMvdAsDe
fblundelllg,ZrF0XqN8ksn
bstorrocklh,TmNHeqC
aweedsli,ZbpChNiL5dc0
jbirranelj,5LoIke3VvfTW
fcrablk,M0xvZs
iearryll,zMFEgMqfq
fstollberglm,o4TK9hEQP1oF
mdurwardln,Wf3CKYbdajI
bsnoddenlo,fEe3VZf
bmarzellanolp,pccI1uAN4vr
bnobrigalq,56AMt29jA
civiclr,L2NVOn
cbamlettls,u9fObXhDKi
cmeekinlt,ofSypIXJQ
wbenduhnlu,mO8FxfdADmT9
asouchlv,bexC9ycft5
ndossantoslw,ZJLWx6mzJDA7
kbacoplx,70Xd7Zpz
bryleyly,HeKThFVPYalS
drassmannlz,17UfmJvVr
soakwoodm0,PNGpWlV
gdrinkallm1,uYqWr5JzKS
ahanwellm2,l4E4doO
reslingerm3,cGWuinBH
kkynem4,QjdlQmI5Jz
evedmorem5,j6ekOdU
lguidenm6,taqnYvQLuThN
dsimenonm7,e4Lmfbkn
lskeetem8,ELXTlU
cklassm9,f2Wzcm
gsallema,w95ikxVj1ql2
zseamarkemb,SO6gn3
jclifftmc,hO1qwmEpVN
vbiskupekmd,kwf9Svk0kqen
hhatwellme,JQ4kCw0GGG6O
nhindgemf,tFjh9jJ3tQ
dsimcoxmg,tnp3bfhsL
nhorsleymh,nSz2vw
jkelloggmi,92oTVJoDYVpY
hwallerbridgemj,QoVrmlvw3
ktrucemk,7rxFYd
rbumfreyml,PyTh7m
ibrowermm,zXGlzU
bdoretmn,ykcwZsrYzXy
jpottipharmo,KZPVmN
rkenwaymp,dfMOMaqS
aenderlemq,1HmiNu3utE
tmeckiffmr,O8yRbMiR
hbenthamms,CBJGr1ir
acalbaithemt,xjX9jr0DqJJk
canneymu,dyoi5pRYzo
glearoydemv,VbFwMW
cwalchmw,qceO4K
mtortmx,G6hSIBqbaIB
dminettmy,2GfpRcj
chegdonnemz,pti90ahGOKb
afleemingn0,i4qulWHJpP
sleren1,cHHwtwcR
cberresfordn2,5lXvb6f
dgilstonn3,T761eiueN3M
jpitkethlyn4,lAjx5LJ
cbaggarleyn5,p3FoLd70su0
iweichn6,EIOpbxz
kdoggrelln7,GHgfDNEu872
fgideonn8,AMiyhm4
srollingsn9,SyfGWgU
jtathamna,wFZKdTVzfg
kmishnb,fZr1EqihYe
mgledhallnc,zsglfkaaioeP
gmagennynd,jLhBHIAwK
tcalanne,aHQ5DpmZAg
jheinnf,CKJ0zXC4ngA5
dgebbng,1FqwqA
rkadarnh,dUNamK
moglesbeeni,SA3m2T1WR1sA
wmackennj,Is66b8K3IJ1
mmapletoftnk,h5EwQw49
lberkanl,W3a3qB8
lzmitrichenkonm,wQPoXa
opotterynn,miAGXk2Jhn
mglascottno,p9yQwcDj
vghidoninp,742ZnH7jN4W
dcroppernq,bDIPXJS
asirettenr,0AU4arWL
bhallybonens,5N9KQAOaf6
lstutelynt,6b19tnmvHO7
gwoolliamsnu,MuszTlOjITNh
kcalderonv,ePC0VnipK1k
tslocketnw,XJKUMwFRKvB
zthandinx,edTZOlEpQo5
cmicheleny,sYezY8cpK
ckhalidnz,th8ml3yS
rderrello0,aNfxdo
bgrundono1,1mhbKNm
vcampso2,nmiRlSG07Ax
fadnamso3,MXfYmEqiOes
afairbourneo4,2vb2VHk
jkersso5,nMe7LA9R
crosenbloomo6,711HwLs0
cdelorenzoo7,Y6cNYhfjq0r
mmckinnono8,Ue97Qt4
jgledstaneo9,hHRdIZP0P
agoodmanoa,WTLZ141
grodrigob,b5r53hFg
lgerattoc,wIep5C3KxsHc
asimcoeod,EojgWYq
asidryoe,4kftAH8ZBB8
rtippinof,hDecGHxO6B
amcrannellog,NXqFtuKnYe
ciliffeoh,7MaddadO
dreadittoi,6SmWVJU5
amajuryoj,UNvxqjX
dweldsok,DOmDzr
kodeveyol,sEuNg4GMux1N
rnealeyom,R9mQ0lKHySd
hivakinon,pMnCNEd04j
tspellesyoo,25zR4rxNXFr
wpettmanop,qQjSwDeKw
barntzenoq,92LtgvLS1p2h
ckalinkeor,IrOhIrdqmsIv
cpetranos,iOfUYNI
bclawleyot,mCYBzHZL
hfosberryou,JpVDPLGrnrAR
echavezov,rXhafDgtN
stroyesow,dlnfKcBzZ
nbrakeox,d7TlPUc0
estokoeoy,SuXKRt
bgolsthorpoz,K8Xf4dxYe
aheindlep0,6A7kDzigzcGB
edoudp1,mmNhmiNg
jsilverthornep2,u3CBqqVL
scolefordp3,em5HH3qYJAm9
ttutingp4,L91KCAI
lneilsonp5,rbBbUm298z
rcochep6,4I4ZHxzdh
cdiversp7,j4FlhwcelVhW
tgilbyp8,ZbvzoNEre
pitzhakip9,KgVw87
rlumbypa,PNJ57b83BZ
hdossetterpb,6AKkhF
erihapc,UxDyOYab1o
rjacksonpd,AfSNZxM5f3O5
mdelavaletteparisotpe,ahX58wifQ
pflatmanpf,CKsCkKPhhZ
ktrathenpg,q0ikgN1
lstockenph,i6dL8C
jcordeixpi,gXfFg4y5X
sfrandsenpj,f3N0Z4GmaJ8Y
avalenssmithpk,kCTbyc7hKJb6
gmatterdacepl,XTYDXZubS4
dskynerpm,1C9gH1T
wcuredellpn,ITDcMV
ubowdlerpo,FoKcmyh
ggrowcockpp,1HjfYckgpVt
ecoveleypq,bv4ORR
ehuotpr,pwNgsg
fbrouardps,SSm8HnP
agabbatisspt,xOMtLZ9hD
sfernepu,6LyNCa
rdelberguepv,zmaeivb
gseydlitzpw,Ggb2ww5H35ip
udennettpx,4ICnnsi3O
tfetterplacepy,PqCQCDnaaf
lmarflittpz,hWUjUVW7
lhullandq0,gzpP8OjO
kkerseyq1,MstidrlQm
wdanellq2,QnbVi3
rnorcliffeq3,Lsv3H2VGfdp
omanesq4,yxpAr8ZLEPkV
dloveladyq5,DO4amsc
lflugerq6,J3otoSA
mtrevanq7,PHM9LdTjsnZA
ldumpletonq8,IFNa6zM7Ee
fgodspedeq9,QBAe82KHWJ
cdiaperqa,h4n7dpMNpfM
jmcbainqb,dtw6MrLdGTn
fmissingtonqc,j7S9x3SJV
cgrintqd,Qx67mquIJ
lkennedyqe,KebD2E
kkewqf,peUrXA8jnA2
kbenitezqg,kSb5qknbX
skingstonqh,Exwi1Xl9h
lbarockqi,yLEdn2
cstockingqj,hNiErrR66
hfearqk,uqbMeLicu
tgofforthql,gOnk69kPrdv
cdinnegesqm,JPKeML
dgilsthorpeqn,h1zPrmi
eandreopolosqo,V5WDiol
lmessumqp,LY7WXAmunk7
whuffadineqq,CGakFJ
rkrugerqr,5Mfzq6TkM
pjennemannqs,t9YZy6lVz
cdezuaniqt,RtZjzIT1HbmS
apoznanqu,RvwAnkuj7
rbarajaqv,lkqWjJqTMtZm
acastielloqw,SXBKDNrjYuEG
ibazogeqx,uB1iqvxHky
mflewinqy,sSHxOXtKi6
jtackesqz,bLbU1FEDU
aterzir0,HIWW2ndXPwKR
nwoolagerr1,5dlT73QoVsp
gmitchelsonr2,3ecICkZ
hmaffinir3,GQZU7WAWRVIR
nebrallr4,mrFdgNuSZK
gmussingtonr5,W5iwrD
abasketterr6,5GEaed
apericor7,u56jBbGn7
bpeintonr8,T2nPr1uOmEs5
nfredir9,M8X0b9D91g5O
knormavillera,UFAp7GgUyr
kcasserb,SsNisi0d
erolserc,CFoDOnC65n9V
uflobertrd,k5CEWlNSb
cbassettre,hmetnSExZMj
sfibbitrf,tXMMfROrUs
gmanhoodrg,v44iSJad
lwyldborerh,Zf75Fuw51
cpoureri,MUZydIs3d7v
tlegricerj,3hY7hbX
etruettrk,5p6aAMxD
cpickfordrl,u7mWBPC5T
dhardakerrm,GcFl7OKZ
llaurencotrn,fNSsQi
vstentonro,JzccTJv
rghidettirp,H4osnViwj
mladelrq,02wmc7hF
lmulrooneyrr,Go17tqpn
